[
  {
    "id": "1f0cc2f0-106e-46bb-9a50-e02a4b5a885b",
    "data": [
      {
        "text": "attack",
        "alias": "combat-command",
        "meta": "@combat-command",
        "userDefined": false
      }
    ],
    "isTemplate": false,
    "count": 0,
    "updated": 0
  },
  {
    "id": "77b9e0de-20da-4f16-8176-bd3bb5fa148c",
    "data": [
      {
        "text": "What are my options?",
        "userDefined": false
      }
    ],
    "isTemplate": false,
    "count": 0,
    "updated": 1526719732
  },
  {
    "id": "da7b6de7-0f25-4448-b139-b705a3f6f0e3",
    "data": [
      {
        "text": "I ",
        "userDefined": false
      },
      {
        "text": "heal",
        "alias": "combat-command",
        "meta": "@combat-command",
        "userDefined": false
      },
      {
        "text": " myself",
        "userDefined": false
      }
    ],
    "isTemplate": false,
    "count": 0,
    "updated": 1526132476
  },
  {
    "id": "407b385b-9455-4907-8435-fb0c7fdbb32a",
    "data": [
      {
        "text": "I ",
        "userDefined": false
      },
      {
        "text": "attack",
        "alias": "combat-command",
        "meta": "@combat-command",
        "userDefined": false
      },
      {
        "text": " the orc",
        "userDefined": false
      }
    ],
    "isTemplate": false,
    "count": 0,
    "updated": 1526132476
  },
  {
    "id": "753a5f72-3d32-4a18-9b90-8f31d8757fe7",
    "data": [
      {
        "text": "I ",
        "userDefined": false
      },
      {
        "text": "defend",
        "alias": "combat-command",
        "meta": "@combat-command",
        "userDefined": false
      },
      {
        "text": " from the dragon",
        "userDefined": false
      }
    ],
    "isTemplate": false,
    "count": 0,
    "updated": 1526132476
  }
]