[
  {
    "id": "4b17a2b6-dc68-4b83-b792-fa81b02e7922",
    "data": [
      {
        "text": "Hello",
        "userDefined": false
      }
    ],
    "isTemplate": false,
    "count": 0,
    "updated": 1526720066
  },
  {
    "id": "1ad8fd74-666a-4a07-85b1-33eeed91a1f8",
    "data": [
      {
        "text": "Hi,  I want to talk to combat master",
        "userDefined": false
      }
    ],
    "isTemplate": false,
    "count": 0,
    "updated": 1526134774
  },
  {
    "id": "1506c9ef-eb85-4035-ad44-39f174c0564c",
    "data": [
      {
        "text": "What\u0027s up?",
        "userDefined": false
      }
    ],
    "isTemplate": false,
    "count": 0,
    "updated": 1526720066
  }
]