[
  {
    "id": "97d63dbd-4a61-4219-87ef-5adf865a9f88",
    "data": [
      {
        "text": "I wish to combat a ",
        "userDefined": false
      },
      {
        "text": "dragon",
        "alias": "monster-type",
        "meta": "@monster-type",
        "userDefined": true
      }
    ],
    "isTemplate": false,
    "count": 0,
    "updated": 1526719929
  },
  {
    "id": "b63307a3-6ca5-4d53-b211-44e25f5f71bb",
    "data": [
      {
        "text": "I want to combat a monster",
        "userDefined": false
      }
    ],
    "isTemplate": false,
    "count": 0,
    "updated": 1526719929
  },
  {
    "id": "5a11a8a2-5081-451c-a2fb-b25a2ec11698",
    "data": [
      {
        "text": "I would like to fight!",
        "userDefined": false
      }
    ],
    "isTemplate": false,
    "count": 0,
    "updated": 1526719929
  },
  {
    "id": "faee5ccd-63a4-4e5e-aeb6-99c3393e92dc",
    "data": [
      {
        "text": "let\u0027s fight!",
        "userDefined": false
      }
    ],
    "isTemplate": false,
    "count": 0,
    "updated": 1526719929
  },
  {
    "id": "79e559b3-3381-4fce-b795-e51be5122b06",
    "data": [
      {
        "text": "I want to fight an ",
        "userDefined": false
      },
      {
        "text": "orc",
        "alias": "monster-type",
        "meta": "@monster-type",
        "userDefined": true
      }
    ],
    "isTemplate": false,
    "count": 0,
    "updated": 1526719929
  },
  {
    "id": "554fcf9c-8a68-43a5-bab3-8ed294326c2e",
    "data": [
      {
        "text": "I would like to battle a ",
        "userDefined": false
      },
      {
        "text": "goblin",
        "alias": "monster-type",
        "meta": "@monster-type",
        "userDefined": false
      }
    ],
    "isTemplate": false,
    "count": 0,
    "updated": 1526719929
  }
]